classification,avg_pnl
Extreme Fear,71.02731582644628
Extreme Greed,130.20530910051312
Fear,112.62598770940687
Greed,85.40392727005879
Neutral,71.19999314664905
