classification,win_rate
Extreme Fear,0.7621564482029598
Extreme Greed,0.8916702632714717
Fear,0.8728864734299517
Greed,0.7689068954559898
Neutral,0.8238889806707418
